Target	RelevantDocs	List length	Evaluation function	Crossover	Mutation	Max evaluations	Error tolerance		Relevant Docs	Relative error	Relevance List

0.8957,21,100,avgPrecision,0.8,0.3,500000,5.0E-5,	21,2.3778357829074004E-5,1111111111111101100001100000100000000000000000010000000000000000000010000000000000000000000000000000
0.8957,21,1000,avgPrecision,0.8,0.3,500000,5.0E-5,	21,1.650546172347056E-4,1111111111111110010010010001000000000000000000000000100000000000000100000000000000000000000000000000000000000000000000000000000000000000000000000000000000000000000000000000000000000000000000000000000000000000000000000000000000000000000000000000000000000000000000000000000000000000000000000000000000000000000000000000000000000000000000000000000000000000000000000000000000000000000000000000000000000000000000000000000000000000000000000000000000000000000000000000000000000000000000000000000000000000000000000000000000000000000000000000000000000000000000000000000000000000000000000000000000000000000000000000000000000000000000000000000000000000000000000000000000000000000000000000000000000000000000000000000000000000000000000000000000000000000000000000000000000000000000000000000000000000000000000000000000000000000000000000000000000000000000000000000000000000000000000000000000000000000000000000000000000000000000000000000000000000000000000000000000000000000000000000000000000000000000000000000000000000
0.8957,21,100,avgPrecision,0.8,0.3,500000,5.0E-5,	21,1.2390193157352236E-5,1111111111011011011010110010000000000000000000001000000000000000000000000000000000000000000000000000